{
    "rmse": 4356.878763229363,
    "mae": 2472.8276184557967,
    "r2": 0.8777291616164677
}